{
  "localStorage": [
    {
      "faculty": "Dr.Boring",
      "title": "Cyber Infrastructure Research & Development Lab for the Earth Sciences",
      "description": "CIRDLES is an undergraduate computer science software engineering initiative at the The College of Charleston , Charleston, SC. We specialize in the collaborative development of free open source software to support science domains. This material is based upon work supported by the National Science Foundation under Grant Numbers 0930223 and 1443037."
    },
    {
      "faculty": "Dr.Manaris",
      "title": "Computer Music and Arts Lab",
      "description": "Research projects span computer music, human-computer interaction and artificial intelligence. They explore interaction design and modeling of aesthetics and creativity using statistical, connectionist, and evolutionary techniques. they include systems for computer-aided analysis, composition, and performance in music and art, with an earlier emphasis in natural language."
    },
    {
      "faculty": "Dr.X",
      "title": "Cybersecurity X Lab",
      "description": "1. Software Defined Networks (SDN) & security: SDN is a new networking paradigm where the data and control plane are separated, opening new horizons to program networks using a logically centralized controller. However, the controller can also be a security liability for SDNs. Exploring the vulnerabilities of SDN and how to overcome these will be one of the goals of this project. Abusing Software Defined Networks is a good video to watch from Blackhat conference if you are interested in this project. 2. Internet of Things (IoT): Currently a hot topic in computer networks security, the Internet of Things is defined by all the “things”, i.e., devices, that are connected to the Internet. New protocols have been created to make communication fast and lightweight. An exciting and unexplored area is to find new vulnerabilities of these devices. Believe it or not, there is a way to search these devices, like a google search for IoT. This is an exciting and widely unexplored area where you may hack devices, mine data from IoT, and connect to the most unusual “things” such as wind turbines and webcameras to mine their data. 3. Distributed Denial of Service (DDoS) attacks: DDoS attacks although they have been around for a while, have no seized to disturb legitimate services and access. The simplicity and ease of creating a DDoS attack is quite fascinating. According to Darkreading, half of the words enterprises were hit by DDoS. Recently attacks have been dramatically increasing in volume. Finding the source of a DDoS attack and detecting it accurately is an interesting problem that remains widely unsolved."
    },
    {
      "faculty": "Dr.Anderson",
      "title": "Data Science Research Lab",
      "description": "We research and develop algorithms to tackle some of the most challenging and interesting data intensive problems in the life sciences. Our research interests include data science, big data, evolutionary computation and optimization, machine learning, computational genomics, cloud computing, computational metabolomics, and eScience. We currently have multidisciplinary projects underway in metabolomics, human cognition, toxicology, marine biology, medical genomics, biomedical informatics, and marine genomics."
    },
    {
      "faculty": "Dr.Munsell",
      "title": "Machine Learning and Medical Image Analysis Lab",
      "description": "Coming Soon!"
    },
    {
      "faculty": "Dr.Anderson, Dr.Sheldok, Dr.Watson",
      "title": "Omics Data Science Experience",
      "description": "The development of next-generation DNA sequencing technologies are providing biologists a digital signal that is revolutionizing genome research.  This technology provides unprecedented possibilities for the characterization and understanding of genomes and for integrating molecular and organismal biology with studies of ecology, behavior, and evolution.  The massive amounts of data and the characteristics of the data create new challenges for biologists and computer scientists in addition to enabling collaborative teams to address questions in the life sciences with more depth and precision."
    },
    {
      "faculty": "Dr.Van Delden",
      "title": "UAV Robotics Lab",
      "description": "The UAV Robotics Lab at the College of Charleston is located in Harbor Walk East, room 105C and features a variety of drone technology and opportunities for students to conduct research work in visual and voice guided robotics.  The lab contains DJI Phantom 4 drones, Arduino technologies, Raspberry Pis, wireless microphones, and other fun gadgets that are used to implement research ideas."
    },
    {
      "faculty": "Dr.Olmsted",
      "title": "SDE Cyber-Security Lab",
      "description": "The Secure Data Engineering (SDE) Cyber Security Lab at the College of Charleston Computer Science Department has been award a grant to design and develop a new software solution whose function is to help in the dissemination of humanities data to groups and individual patrons. Individualized Humanities Collection and Dissemination System (IHCADS) is an open source cloud-based software solution designed to enhance public access to historical, archeological and artistic data and the experts who can help interpret the data. IHCADS will run in the cloud providing organizations with high-availability to their data and systems without the cost to the organization for the information technology professional and internal server infrastructure costs."
    },
    {
      "faculty": "Dr.Bares",
      "title": "Virtual Production Lab",
      "description": "The Virtual Production Lab in the Department of Computer Science at the College of Charleston supports creative projects that involve technologies of the virtual production process including animation, green-screen virtual set filming, audio video recording and editing, performance capture, building character models and virtual sets, game development, computer graphics, visual simulations, and virtual 3D tours. The Department extends a special thank you to Optitrack for teaming with the department to provide motion-tracking equipment and software. We invite collaborations from CofC students and faculty as well as local filmmakers and performance artists who have an interest in exploring new forms of creative expression that blends the arts and technology."
    }
  ]
}